{"cameraMode":{"drawMode":0,"name":"Shaded","section":"Shading Mode"},"sceneLighting":true,"audioPlay":false,"sceneViewState":{"showFog":true,"showMaterialUpdate":false,"showSkybox":true,"showFlares":true,"showImageEffects":true,"showParticleSystems":true},"in2DMode":false,"pivot":{"x":0.20471906661987306,"y":-0.03609299659729004,"z":-0.5408763885498047},"rotation":{"x":-0.01944156363606453,"y":0.980356752872467,"z":-0.1484769880771637,"w":-0.12836776673793794},"size":7.421215057373047,"orthographic":false}