{"cameraMode":{"drawMode":0,"name":"Shaded","section":"Shading Mode"},"sceneLighting":true,"audioPlay":false,"sceneViewState":{"showFog":true,"showMaterialUpdate":false,"showSkybox":true,"showFlares":true,"showImageEffects":true,"showParticleSystems":true},"in2DMode":false,"pivot":{"x":2.1123714447021486,"y":1.0050263404846192,"z":-2.131270408630371},"rotation":{"x":-0.03847061097621918,"y":0.9497120380401611,"z":-0.1292952448129654,"w":-0.2825779914855957},"size":7.139397144317627,"orthographic":false}